{"cameraMode":{"drawMode":0,"name":"Shaded","section":"Shading Mode"},"sceneLighting":false,"audioPlay":false,"sceneViewState":{"showFog":true,"showMaterialUpdate":false,"showSkybox":true,"showFlares":true,"showImageEffects":true,"showParticleSystems":true},"in2DMode":false,"pivot":{"x":433.0210876464844,"y":364.86553955078127,"z":-190.9560546875},"rotation":{"x":0.017682552337646486,"y":0.027591899037361146,"z":0.0004928245325572789,"w":-0.999477744102478},"size":657.5419311523438,"orthographic":false}