{"cameraMode":{"drawMode":0,"name":"Shaded","section":"Shading Mode"},"sceneLighting":false,"audioPlay":false,"sceneViewState":{"showFog":true,"showMaterialUpdate":false,"showSkybox":false,"showFlares":true,"showImageEffects":true,"showParticleSystems":true},"in2DMode":false,"pivot":{"x":-3.221400022506714,"y":1.0400002002716065,"z":0.5739999413490295},"rotation":{"x":-0.430476576089859,"y":0.05194126442074776,"z":-0.024820558726787568,"w":-0.9007737636566162},"size":6.849954605102539,"orthographic":false}