{"cameraMode":{"drawMode":0,"name":"Shaded","section":"Shading Mode"},"sceneLighting":true,"audioPlay":false,"sceneViewState":{"showFog":true,"showMaterialUpdate":false,"showSkybox":false,"showFlares":true,"showImageEffects":true,"showParticleSystems":true},"in2DMode":false,"pivot":{"x":-0.04636383056640625,"y":0.7409777641296387,"z":-1.2605366706848145},"rotation":{"x":-0.6774287819862366,"y":-0.008383438922464848,"z":0.007725988049060106,"w":-0.7355172634124756},"size":8.0020751953125,"orthographic":false}